country_name,country_id,Score,GDP per capita,Social support,Healthy life expectancy,Freedom to make life choices,Generosity,Perceptions of corruption
Finland,246,7.632,1.305,1.592,0.874,0.681,0.202,0.393
Norway,578,7.594,1.456,1.582,0.861,0.686,0.286,0.34
Denmark,208,7.555,1.351,1.59,0.868,0.683,0.284,0.408
Iceland,352,7.495,1.343,1.644,0.914,0.677,0.353,0.138
Switzerland,756,7.487,1.42,1.549,0.927,0.66,0.256,0.357
Netherlands,528,7.441,1.361,1.488,0.878,0.638,0.333,0.295
Canada,124,7.328,1.33,1.532,0.896,0.653,0.321,0.291
New Zealand,554,7.324,1.268,1.601,0.876,0.669,0.365,0.389
Sweden,752,7.314,1.355,1.501,0.913,0.659,0.285,0.383
Australia,36,7.272,1.34,1.573,0.91,0.647,0.361,0.302
United Kingdom,826,7.19,1.244,1.433,0.888,0.464,0.262,0.082
Austria,40,7.139,1.341,1.504,0.891,0.617,0.242,0.224
Costa Rica,188,7.072,1.01,1.459,0.817,0.632,0.143,0.101
Ireland,372,6.977,1.448,1.583,0.876,0.614,0.307,0.306
Germany,276,6.965,1.34,1.474,0.861,0.586,0.273,0.28
Belgium,56,6.927,1.324,1.483,0.894,0.583,0.188,0.24
Luxembourg,442,6.91,1.576,1.52,0.896,0.632,0.196,0.321
United States,840,6.886,1.398,1.471,0.819,0.547,0.291,0.133
Israel,376,6.814,1.301,1.559,0.883,0.533,0.354,0.272
United Arab Emirates,784,6.774,2.096,0.776,0.67,0.284,0.186,N/A
Czech Republic,203,6.711,1.233,1.489,0.854,0.543,0.064,0.034
Malta,470,6.627,1.27,1.525,0.884,0.645,0.376,0.142
France,250,6.489,1.293,1.466,0.908,0.52,0.098,0.176
Mexico,484,6.488,1.038,1.252,0.761,0.479,0.069,0.095
Chile,152,6.476,1.131,1.331,0.808,0.431,0.197,0.061
Taiwan,158,6.441,1.365,1.436,0.857,0.418,0.151,0.078
Panama,591,6.43,1.112,1.438,0.759,0.597,0.125,0.063
Brazil,76,6.419,0.986,1.474,0.675,0.493,0.11,0.088
Argentina,32,6.388,1.073,1.468,0.744,0.57,0.062,0.054
Guatemala,320,6.382,0.781,1.268,0.608,0.604,0.179,0.071
Uruguay,858,6.379,1.093,1.459,0.771,0.625,0.13,0.155
Qatar,634,6.374,1.649,1.303,0.748,0.654,0.256,0.171
Saudi Arabia,682,6.371,1.379,1.331,0.633,0.509,0.098,0.127
Singapore,702,6.343,1.529,1.451,1.008,0.631,0.261,0.457
Malaysia,458,6.322,1.161,1.258,0.669,0.356,0.311,0.059
Spain,724,6.31,1.251,1.538,0.965,0.449,0.142,0.074
Colombia,170,6.26,0.96,1.439,0.635,0.531,0.099,0.039
Trinidad & Tobago,11,6.192,1.223,1.492,0.564,0.575,0.171,0.019
Slovakia,703,6.173,1.21,1.537,0.776,0.354,0.118,0.014
El Salvador,222,6.167,0.806,1.231,0.639,0.461,0.065,0.082
Nicaragua,558,6.141,0.668,1.319,0.7,0.527,0.208,0.128
Poland,616,6.123,1.176,1.448,0.781,0.546,0.108,0.064
Bahrain,48,6.105,1.338,1.366,0.698,0.594,0.243,0.123
Uzbekistan,860,6.096,0.719,1.584,0.605,0.724,0.328,0.259
Kuwait,414,6.083,1.474,1.301,0.675,0.554,0.167,0.106
Thailand,764,6.072,1.016,1.417,0.707,0.637,0.364,0.029
Italy,380,6,1.264,1.501,0.946,0.281,0.137,0.028
Ecuador,218,5.973,0.889,1.33,0.736,0.556,0.114,0.12
Belize,84,5.956,0.807,1.101,0.474,0.593,0.183,0.089
Lithuania,440,5.952,1.197,1.527,0.716,0.35,0.026,0.006
Slovenia,705,5.948,1.219,1.506,0.856,0.633,0.16,0.051
Romania,642,5.945,1.116,1.219,0.726,0.528,0.088,0.001
Latvia,428,5.933,1.148,1.454,0.671,0.363,0.092,0.066
Japan,392,5.915,1.294,1.462,0.988,0.553,0.079,0.15
Mauritius,480,5.891,1.09,1.387,0.684,0.584,0.245,0.05
Jamaica,388,5.89,0.819,1.493,0.693,0.575,0.096,0.031
South Korea,410,5.875,1.266,1.204,0.955,0.244,0.175,0.051
Russia,643,5.81,1.151,1.479,0.599,0.399,0.065,0.025
Kazakhstan,398,5.79,1.143,1.516,0.631,0.454,0.148,0.121
Cyprus,196,5.762,1.229,1.191,0.909,0.423,0.202,0.035
Bolivia,68,5.752,0.751,1.223,0.508,0.606,0.141,0.054
Estonia,233,5.739,1.2,1.532,0.737,0.553,0.086,0.174
Paraguay,600,5.681,0.835,1.522,0.615,0.541,0.162,0.074
Peru,604,5.663,0.934,1.249,0.674,0.53,0.092,0.034
Kosovo,383,5.662,0.855,1.23,0.578,0.448,0.274,0.023
Moldova,498,5.64,0.657,1.301,0.62,0.232,0.171,0
Turkmenistan,795,5.636,1.016,1.533,0.517,0.417,0.199,0.037
Hungary,348,5.62,1.171,1.401,0.732,0.259,0.061,0.022
Libya,434,5.566,0.985,1.35,0.553,0.496,0.116,0.148
Philippines,608,5.524,0.775,1.312,0.513,0.643,0.12,0.105
Honduras,340,5.504,0.62,1.205,0.622,0.459,0.197,0.074
Belarus,112,5.483,1.039,1.498,0.7,0.307,0.101,0.154
Turkey,792,5.483,1.148,1.38,0.686,0.324,0.106,0.109
Pakistan,586,5.472,0.652,0.81,0.424,0.334,0.216,0.113
Hong Kong,344,5.43,1.405,1.29,1.03,0.524,0.246,0.291
Portugal,620,5.41,1.188,1.429,0.884,0.562,0.055,0.017
Serbia,688,5.398,0.975,1.369,0.685,0.288,0.134,0.043
Greece,300,5.358,1.154,1.202,0.879,0.131,0,0.044
Lebanon,422,5.358,0.965,1.179,0.785,0.503,0.214,0.136
Montenegro,499,5.347,1.017,1.279,0.729,0.259,0.111,0.081
Croatia,191,5.321,1.115,1.161,0.737,0.38,0.12,0.039
Dominican Republic,214,5.302,0.982,1.441,0.614,0.578,0.12,0.106
Algeria,12,5.295,0.979,1.154,0.687,0.077,0.055,0.135
Morocco,504,5.254,0.779,0.797,0.669,0.46,0.026,0.074
China,156,5.246,0.989,1.142,0.799,0.597,0.029,0.103
Azerbaijan,31,5.201,1.024,1.161,0.603,0.43,0.031,0.176
Tajikistan,762,5.199,0.474,1.166,0.598,0.292,0.187,0.034
Macedonia,807,5.185,0.959,1.239,0.691,0.394,0.173,0.052
Jordan,400,5.161,0.822,1.265,0.645,0.468,0.13,0.134
Nigeria,566,5.155,0.689,1.172,0.048,0.462,0.201,0.032
Kyrgyzstan,417,5.131,0.53,1.416,0.594,0.54,0.281,0.035
Bosnia and Herzegovina,70,5.129,0.915,1.078,0.758,0.28,0.216,0
Mongolia,496,5.125,0.914,1.517,0.575,0.395,0.253,0.032
Vietnam,704,5.103,0.715,1.365,0.702,0.618,0.177,0.079
Indonesia,360,5.093,0.899,1.215,0.522,0.538,0.484,0.018
Bhutan,64,5.082,0.796,1.335,0.527,0.541,0.364,0.171
Somalia,706,4.982,0,0.712,0.115,0.674,0.238,0.282
Cameroon,120,4.975,0.535,0.891,0.182,0.454,0.183,0.043
Bulgaria,100,4.933,1.054,1.515,0.712,0.359,0.064,0.009
Nepal,524,4.88,0.425,1.228,0.539,0.526,0.302,0.078
Venezuela,862,4.806,0.996,1.469,0.657,0.133,0.056,0.052
Gabon,266,4.758,1.036,1.164,0.404,0.356,0.032,0.052
Palestinian Territories,275,4.743,0.642,1.217,0.602,0.266,0.086,0.076
South Africa,710,4.724,0.94,1.41,0.33,0.516,0.103,0.056
Iran,364,4.707,1.059,0.771,0.691,0.459,0.282,0.129
Ivory Coast,384,4.671,0.541,0.872,0.08,0.467,0.146,0.103
Ghana,288,4.657,0.592,0.896,0.337,0.499,0.212,0.029
Senegal,686,4.631,0.429,1.117,0.433,0.406,0.138,0.082
Tunisia,788,4.592,0.9,0.906,0.69,0.271,0.04,0.063
Albania,8,4.586,0.916,0.817,0.79,0.419,0.149,0.032
Sierra Leone,694,4.571,0.256,0.813,0,0.355,0.238,0.053
Congo (Brazzaville),178,4.559,0.682,0.811,0.343,0.514,0.091,0.077
Bangladesh,50,4.5,0.532,0.85,0.579,0.58,0.153,0.144
Sri Lanka,144,4.471,0.918,1.314,0.672,0.585,0.307,0.05
Iraq,368,4.456,1.01,0.971,0.536,0.304,0.148,0.095
Mali,466,4.447,0.37,1.233,0.152,0.367,0.139,0.056
Namibia,516,4.441,0.874,1.281,0.365,0.519,0.051,0.064
Cambodia,116,4.433,0.549,1.088,0.457,0.696,0.256,0.065
Burkina Faso,854,4.424,0.314,1.097,0.254,0.312,0.175,0.128
Egypt,818,4.419,0.885,1.025,0.553,0.312,0.092,0.107
Mozambique,508,4.417,0.198,0.902,0.173,0.531,0.206,0.158
Kenya,404,4.41,0.493,1.048,0.454,0.504,0.352,0.055
Zambia,894,4.377,0.562,1.047,0.295,0.503,0.221,0.082
Mauritania,478,4.356,0.557,1.245,0.292,0.129,0.134,0.093
Ethiopia,231,4.35,0.308,0.95,0.391,0.452,0.22,0.146
Georgia,268,4.34,0.853,0.592,0.643,0.375,0.038,0.215
Armenia,51,4.321,0.816,0.99,0.666,0.26,0.077,0.028
Myanmar,104,4.308,0.682,1.174,0.429,0.58,0.598,0.178
Chad,148,4.301,0.358,0.907,0.053,0.189,0.181,0.06
Congo (Kinshasa),180,4.245,0.069,1.136,0.204,0.312,0.197,0.052
India,356,4.19,0.721,0.747,0.485,0.539,0.172,0.093
Niger,562,4.166,0.131,0.867,0.221,0.39,0.175,0.099
Uganda,800,4.161,0.322,1.09,0.237,0.45,0.259,0.061
Benin,204,4.141,0.378,0.372,0.24,0.44,0.163,0.067
Sudan,729,4.139,0.605,1.24,0.312,0.016,0.134,0.082
Ukraine,804,4.103,0.793,1.413,0.609,0.163,0.187,0.011
Togo,768,3.999,0.259,0.474,0.253,0.434,0.158,0.101
Guinea,324,3.964,0.344,0.792,0.211,0.394,0.185,0.094
Lesotho,426,3.808,0.472,1.215,0.079,0.423,0.116,0.112
Angola,24,3.795,0.73,1.125,0.269,0,0.079,0.061
Madagascar,450,3.774,0.262,0.908,0.402,0.221,0.155,0.049
Zimbabwe,716,3.692,0.357,1.094,0.248,0.406,0.132,0.099
Afghanistan,4,3.632,0.332,0.537,0.255,0.085,0.191,0.036
Botswana,72,3.59,1.017,1.174,0.417,0.557,0.042,0.092
Malawi,454,3.587,0.186,0.541,0.306,0.531,0.21,0.08
Haiti,332,3.582,0.315,0.714,0.289,0.025,0.392,0.104
Liberia,430,3.495,0.076,0.858,0.267,0.419,0.206,0.03
Syria,760,3.462,0.689,0.382,0.539,0.088,0.376,0.144
Rwanda,646,3.408,0.332,0.896,0.4,0.636,0.2,0.444
Yemen,887,3.355,0.442,1.073,0.343,0.244,0.083,0.064
Tanzania,834,3.303,0.455,0.991,0.381,0.481,0.27,0.097
South Sudan,728,3.254,0.337,0.608,0.177,0.112,0.224,0.106
Central African Republic,140,3.083,0.024,0,0.01,0.305,0.218,0.038
Burundi,108,2.905,0.091,0.627,0.145,0.065,0.149,0.076
